Parameter,Mean Percent Difference,Standard Deviation of Percent Difference,R-Squared,Mean Squared Error
m22,4.720080391946056,7.8944683203524475,0.996582604042283,0.00030650597905334306
k,1.9158745242519564,1.937581028992163,0.9989742371865545,5.609888266633225e-05
